{
  "project_info": {
    "project_number": "110540965119",
    "firebase_url": "https://smartcollarpettracker-68bb8-default-rtdb.firebaseio.com",
    "project_id": "smartcollarpettracker-68bb8",
    "storage_bucket": "smartcollarpettracker-68bb8.appspot.com"
  },
  "client": [
    {
      "client_info": {
        "mobilesdk_app_id": "1:110540965119:android:8acb535d7e25087c2bf8ca",
        "android_client_info": {
          "package_name": "com.example.smartcollarpettracker"
        }
      },
      "oauth_client": [],
      "api_key": [
        {
          "current_key": "AIzaSyB_DC-JTuTvhNlqEUiMEnIRtuwJhaMCHKY"
        }
      ],
      "services": {
        "appinvite_service": {
          "other_platform_oauth_client": []
        }
      }
    }
  ],
  "configuration_version": "1"
}